,Unnamed: 0,id,title,artist,company,date_released,danceability,energy,key,loudness,mode,speechiness,acousticness,instrumentalness,liveness,valence,tempo,duration_ms,Unnamed: 0.1
0,0,5DdWgpzFMgBb8hl0dnEp4W,BOY,TREASURE,YG,2020-08-07,0.753,0.76,6,-6.666,0,0.0482,0.0522,0.0,0.379,0.69,110.01,196667,
1,1,1JD6I7oJEzv2ezJDHCvwm6,COME TO ME,TREASURE,YG,2020-08-07,0.858,0.777,8,-6.321,0,0.0508,0.208,0.0,0.161,0.696,104.999,204493,
2,2,3BkJFWBPdKp7e5HokmXv8N,I LOVE YOU,TREASURE,YG,2020-09-18,0.727,0.687,8,-6.57,1,0.0695,0.0107,0.0,0.16,0.416,130.018,181618,
3,3,3spJFUYWcu7hjQXZ7Ya6sD,B.L.T (BLING LIKE THIS),TREASURE,YG,2020-09-18,0.72,0.785,4,-6.942,0,0.0753,0.044,0.0,0.345,0.624,127.986,205080,
4,4,56ZYY1cCJmQvcNZhUKhUBP,MMM,TREASURE,YG,2020-11-06,0.765,0.717,1,-6.899,1,0.0914,0.0485,0.0,0.0643,0.63,79.976,208053,
5,5,4A1Q5wp5wlxtDpmCpwjfPr,ORANGE,TREASURE,YG,2020-11-06,0.771,0.579,1,-7.52,1,0.0302,0.0258,0.0,0.0922,0.756,129.936,256453,
6,6,2qTBVFldq01eNa40hin4FV,BEAUTIFUL,TREASURE,YG,2021-02-14,0.688,0.705,0,-6.58,1,0.0383,0.0972,0.0,0.215,0.361,128.037,230947,
7,7,2bnJ8IxZnVc2YmUaX0sZap,JIKJIN,TREASURE,YG,2022-02-15,0.819,0.55,0,-6.57,1,0.0434,0.0367,0.0,0.0945,0.573,130.077,184118,
8,8,5NIHhuAdsaZHmGeEoHiGY7,U,TREASURE,YG,2022-02-15,0.873,0.537,11,-5.178,1,0.0587,0.211,0.0,0.292,0.594,115.981,168805,
9,9,0dcnrLo8s1rhjm8euGjI4n,DARARI,TREASURE,YG,2022-02-15,0.716,0.638,0,-6.87,1,0.0392,0.486,0.0,0.0702,0.552,84.955,220716,
10,10,2ctJxfMEz5NUS7OoG4RFPp,IT’S OKAY,TREASURE,YG,2022-02-15,0.611,0.514,2,-7.017,1,0.0361,0.228,0.0,0.18,0.365,144.099,220234,
11,11,1ex8euBuzVyqjThnYfwY2k,HELLO,TREASURE,YG,2022-10-04,0.653,0.575,2,-5.432,1,0.0571,0.0315,0.0,0.0764,0.528,135.015,181433,
12,12,7BooMOppMbKhIRH6zrZUJB,VolKno (CHOI HYUN SUK x YOSHI x HARUTO Unit),TREASURE,YG,2022-10-04,0.704,0.803,1,-5.629,1,0.0399,0.0107,0.0,0.234,0.604,98.039,195784,
13,13,4LuSCNN7wRs6hqouAkGh9C,CLAP!,TREASURE,YG,2022-10-04,0.732,0.744,8,-6.279,0,0.0475,0.0479,0.0,0.0727,0.898,79.984,184221,
14,14,41GW9sI7kajNmon5HJGNH9,THANK YOU (ASAHI x HARUTO Unit),TREASURE,YG,2022-10-04,0.5,0.779,1,-5.681,1,0.0449,0.0523,0.0,0.295,0.55,169.964,195850,
15,15,3i4LLVEBdrk4Bp23OQlcK9,HOLD IT IN,TREASURE,YG,2022-10-04,0.716,0.695,10,-5.925,1,0.0511,0.219,0.0,0.0508,0.438,130.082,198631,
16,16,16Dklj36BXIa9bY1ZgP7DK,病,TREASURE,YG,2022-11-30,0.779,0.729,11,-3.325,1,0.0329,0.149,0.0,0.53,0.913,117.969,204615,
17,17,2muMPwLTvz3tnGg5Jz4rjA,Here I Stand,TREASURE,YG,2023-03-27,0.747,0.623,8,-5.272,1,0.0366,0.00436,0.0,0.1,0.765,129.985,229720,
18,18,7EtNbIeSYjE4PeitHqEHhs,MOVE (T5),TREASURE,YG,2023-06-28,0.674,0.552,10,-6.802,1,0.0906,0.0925,0.0,0.299,0.307,94.97,208314,
19,19,0IkWksfw3Qxob96bjFKhyF,BONA BONA,TREASURE,YG,2023-07-28,0.722,0.641,5,-5.967,0,0.046,0.0266,0.0,0.179,0.36,131.943,212902,
20,20,3DroKwwfUSuNPqft7adpVm,I WANT YOUR LOVE,TREASURE,YG,2023-07-28,0.737,0.571,8,-5.808,1,0.0421,0.0287,0.0,0.103,0.642,128.016,188642,
21,21,0ysmlwFy5XcYm1tVJFaE2U,RUN,TREASURE,YG,2023-07-28,0.56,0.718,2,-6.048,1,0.0576,0.0114,0.0,0.0931,0.485,169.969,210822,
22,22,6Tb0YsLZ3V6M0EiNobm7Fi,G.O.A.T (RAP Unit),TREASURE,YG,2023-07-28,0.763,0.789,7,-5.197,1,0.104,0.0717,0.0,0.0667,0.64,99.066,182099,
23,23,5bmDeCYksJWvW95E2rSH2G,STUPID,TREASURE,YG,2023-07-28,0.642,0.723,11,-6.14,1,0.0507,0.0766,0.0,0.224,0.897,132.952,180353,
24,24,2c42MAkCp7pFbGgJ7xg7xi,THE WAY TO (VOCAL Unit),TREASURE,YG,2023-07-28,0.574,0.318,1,-9.469,0,0.0319,0.677,0.0,0.107,0.232,139.788,208210,
25,25,6OmHcaaSV2xVENrnL7Ep8v,WONDERLAND,TREASURE,YG,2023-07-28,0.771,0.691,1,-6.327,1,0.0428,0.0961,0.0,0.558,0.622,117.998,178973,
26,26,4OVdshr1CletoUtcrLE0ZV,B.O.M.B,TREASURE,YG,2023-07-28,0.798,0.847,10,-4.075,1,0.0383,0.258,0.0,0.0833,0.842,120.024,201251,
27,27,7glixbukBA4wh4yD0d1PM3,LOVESICK,TREASURE,YG,2023-07-28,0.787,0.658,11,-5.61,1,0.0318,0.247,0.0,0.364,0.961,117.998,204469,
28,28,4Dq2FjRkOTHcssggMdYK8J,MY TREASURE,TREASURE,YG,2021-01-11,0.727,0.75,6,-5.532,1,0.0813,0.114,0.0,0.137,0.536,107.932,195982,
29,29,782NR6j9LjIfZg4BbCcJdl,BE WITH ME,TREASURE,YG,2021-01-11,0.84,0.412,9,-8.731,1,0.0947,0.424,0.0,0.161,0.773,106.959,188207,
30,30,0daxn4ZBkfgJdCKqRmiDcT,SLOWMOTION,TREASURE,YG,2021-01-11,0.554,0.583,0,-6.873,1,0.0391,0.266,0.0,0.257,0.376,165.993,190767,
31,31,6YFzL1910P0fRFh865HmI3,GOING CRAZY,TREASURE,YG,2021-01-11,0.75,0.888,8,-4.885,0,0.0595,0.197,0.0,0.085,0.808,124.997,224969,
0,0,7HWmJ1wBecOAMNGjC6SmKE,WHISTLE,BLACKPINK,YG,2016-08-08,0.822,0.712,11,-4.877,1,0.15,0.00682,0.0,0.0955,0.647,102.874,211696,
1,1,3yHQKddM8SVCRnuPSo3HPN,BOOMBAYAH,BLACKPINK,YG,2016-08-08,0.658,0.836,5,-3.282,0,0.0549,0.00264,1.02e-06,0.507,0.387,124.969,240849,
2,2,7e7VjLxO5xJINHvnRytrqi,PLAYING WITH FIRE,BLACKPINK,YG,2016-11-01,0.707,0.758,4,-4.511,0,0.0917,0.0399,0.0,0.141,0.674,97.037,197355,
3,3,4TWHREp4wv0TmewqR6rgRd,STAY,BLACKPINK,YG,2016-11-01,0.628,0.433,1,-6.808,1,0.0383,0.569,7.71e-06,0.104,0.343,88.074,230400,
4,4,1Zyd6zQnC6XIIzmg3hP7Ot,As If It's Your Last,BLACKPINK,YG,2017-06-22,0.786,0.853,8,-2.687,1,0.0816,0.0688,0.0,0.0759,0.45,125.034,213264,
5,5,2aI2k39nfa3KFsa4JclQzw,DDU-DU DDU-DU,BLACKPINK,YG,2018-06-15,0.671,0.859,4,-3.922,0,0.0833,0.0313,0.0,0.267,0.39,139.931,209355,
6,6,56bHclo7YNvpujMveLElQn,Forever Young,BLACKPINK,YG,2018-06-15,0.592,0.961,4,-1.807,1,0.096,0.0423,0.0,0.0882,0.508,109.826,237077,
7,7,5qA5DAR5xTjQUGrl0eBbmR,Really,BLACKPINK,YG,2018-06-15,0.696,0.881,1,-2.082,1,0.104,0.0235,0.0,0.277,0.947,142.019,197789,
8,8,1ZPMLCzCwIvLbMFWvYiw4H,See U Later,BLACKPINK,YG,2018-06-15,0.74,0.926,9,-3.965,0,0.112,0.0376,0.0,0.582,0.571,106.987,198867,
9,9,2wVDWtLKXunswWecARNILj,SOLO,JENNIE,YG,2018-11-12,0.751,0.642,3,-5.165,0,0.087,0.0861,0.0,0.0953,0.388,95.045,169567,
10,10,18PergoIrGmRyeYxnaXJN2,Kill This Love,BLACKPINK,YG,2019-04-05,0.738,0.861,2,-4.141,1,0.237,0.318,0.00182,0.325,0.58,131.98,189052,
11,11,0zYqFyhiTj419q56lNsjk0,Don't Know What To Do,BLACKPINK,YG,2019-04-05,0.628,0.64,6,-4.164,0,0.0491,0.0992,0.0,0.138,0.409,129.815,201081,
12,12,6Ks1e4WEUeOGgnTGZ4IMXo,Kick It,BLACKPINK,YG,2019-04-05,0.765,0.787,1,-3.647,0,0.0445,0.0156,0.0,0.0736,0.381,124.949,191226,
13,13,7mW8ar9hy7GSeH4lohyOKs,Hope Not,BLACKPINK,YG,2019-04-05,0.556,0.423,4,-4.998,0,0.0274,0.441,0.0,0.0867,0.179,110.086,191030,
14,14,4SFknyjLcyTLJFPKD2m96o,How You Like That,BLACKPINK,YG,2020-10-02,0.812,0.761,11,-5.222,1,0.0812,0.0465,0.000135,0.0601,0.344,130.032,182956,
15,15,4JUPEh2DVSXFGExu4Uxevz,Ice Cream (with Selena Gomez),BLACKPINK,YG,2020-10-02,0.79,0.701,9,-4.81,1,0.365,0.0317,8.06e-05,0.0311,0.91,159.972,177813,
16,16,1XnpzbOGptRwfJhZgLbmSr,Pretty Savage,BLACKPINK,YG,2020-10-02,0.701,0.556,9,-7.42,0,0.0414,0.00886,0.000122,0.106,0.333,152.045,201122,
17,17,7iAgNZdotu40NwtoIWJHFe,Bet You Wanna (feat. Cardi B),BLACKPINK,YG,2020-10-02,0.653,0.662,7,-6.168,1,0.162,0.00465,0.0,0.0626,0.674,111.712,161168,
18,18,4Ws314Ylb27BVsvlZOy30C,Lovesick Girls,BLACKPINK,YG,2020-10-02,0.654,0.707,6,-5.661,1,0.0664,0.00559,0.0,0.0873,0.448,127.97,194765,
19,19,7qq0EOPW4RRlqdvMBmdd73,Crazy Over You,BLACKPINK,YG,2020-10-02,0.804,0.633,4,-6.186,1,0.0612,0.0371,0.000119,0.102,0.67,115.002,163946,
20,20,7iKDsPfLT0d5mu2htfMKBZ,Love To Hate Me,BLACKPINK,YG,2020-10-02,0.686,0.64,8,-5.491,1,0.159,0.0334,0.0,0.0801,0.597,162.225,171798,
21,21,39kzWAiVPpycdMpr745oPj,You Never Know,BLACKPINK,YG,2020-10-02,0.477,0.435,5,-6.497,1,0.0523,0.237,0.0,0.12,0.322,144.144,231202,
22,22,2pn8dNVSpYnAtlKFC8Q0DJ,On The Ground,ROSÉ,YG,2021-03-12,0.311,0.607,1,-6.578,1,0.11,0.0174,0.0,0.131,0.286,188.7,168086,
23,23,2dHoVW9AxJVSRebPRyV2aA,Gone,ROSÉ,YG,2021-03-12,0.647,0.377,6,-6.003,1,0.0375,0.594,0.0,0.0768,0.653,79.936,207164,
24,24,7uQZVznj0uQOGC9KhV2Mg6,LALISA,LISA,YG,2021-09-10,0.806,0.653,8,-6.283,1,0.0902,0.0282,0.000784,0.107,0.85,150.058,200690,
25,25,7hU3IHwjX150XLoTVmjD0q,MONEY,LISA,YG,2021-09-10,0.831,0.554,1,-9.998,0,0.218,0.161,6.12e-05,0.152,0.396,140.026,168228,
26,26,0skYUMpS0AcbpjcGsAbRGj,Pink Venom,BLACKPINK,YG,2022-08-19,0.798,0.697,0,-7.139,1,0.0891,0.0202,0.0,0.259,0.745,90.031,186964,
27,27,0ARKW62l9uWIDYMZTUmJHF,Shut Down,BLACKPINK,YG,2022-09-16,0.82,0.686,0,-5.102,1,0.038,0.00412,0.0,0.184,0.668,110.058,175889,
28,28,0L8LOav65XwLjCLS11gNPD,Typa Girl,BLACKPINK,YG,2022-09-16,0.915,0.621,7,-6.519,1,0.1,0.0745,0.0,0.628,0.527,131.984,179173,
29,29,5TfKoQg9AjmDIWYKFoDqMN,Yeah Yeah Yeah,BLACKPINK,YG,2022-09-16,0.718,0.582,1,-6.618,0,0.0348,0.00486,1.5e-06,0.0628,0.669,124.039,178924,
30,30,3MJhPqL2IgGs7gHEB2M35q,Hard to Love,BLACKPINK,YG,2022-09-16,0.654,0.768,5,-5.007,1,0.0431,0.00616,0.0,0.202,0.505,104.97,162570,
31,31,1XoY4WZrvPIphBaikXGjF8,The Happiest Girl,BLACKPINK,YG,2022-09-16,0.641,0.374,0,-8.458,1,0.0328,0.638,0.0,0.118,0.574,91.058,222026,
32,32,0bYVPJvXr8ACmw313cVvhB,Tally,BLACKPINK,YG,2022-09-16,0.688,0.637,2,-4.85,1,0.031,0.00777,0.0,0.13,0.427,129.902,184248,
33,33,7Dq4YNgsltQuTmhYz1wJzq,Ready For Love,BLACKPINK,YG,2022-09-16,0.699,0.706,6,-5.449,1,0.0996,0.0128,0.0,0.106,0.546,107.864,184678,
34,34,69CrOS7vEHIrhC2ILyEi0s,FLOWER,JISOO,YG,2023-03-31,0.841,0.384,9,-7.684,0,0.0351,0.0236,2.28e-06,0.0735,0.597,123.961,173134,
35,35,2YXswOX5aKv6OHRKUcAMLQ,All Eyes On Me,JISOO,YG,2023-03-31,0.779,0.646,8,-5.884,0,0.0388,0.026,2.66e-05,0.0943,0.628,110.048,163523,
36,36,1mFpMoeZfkIqtqW2AfQ8ba,THE GIRLS - BLACKPINK THE GAME OST,BLACKPINK,YG,2023-08-25,0.715,0.738,2,-4.42,1,0.0577,0.00199,0.0,0.208,0.36,160.07,162000,
37,37,6gcuJpHu0Ey30D5WR76y98,You & Me,JENNIE,YG,2023-10-06,0.787,0.573,9,-6.197,1,0.0606,0.0147,1.72e-05,0.0926,0.575,111.996,179164,
0,0,7IqYkjcFnqKPmwg6lWxXYv,BUT YOU,iKON,YG,2022-05-03,0.634,0.91,0,-1.711,1,0.0323,0.0223,0.0,0.127,0.693,138.006,212687,
1,1,5R42s7zQ9SrbnwXUF8j1Bo,DRAGON,iKON,YG,2022-05-03,0.763,0.814,11,-3.972,0,0.0471,0.0085,0.0,0.223,0.465,119.981,188115,
2,2,1GFUkeJaJejAQlrfV8XhG2,FOR REAL?,iKON,YG,2022-05-03,0.792,0.71,6,-4.335,1,0.0304,0.0225,0.0,0.0653,0.908,110.967,203353,
3,3,4NCRY9JMDIc0qqLZbQA4ln,GOLD,iKON,YG,2022-05-03,0.804,0.76,5,-4.228,0,0.041,0.391,0.0,0.17,0.821,132.036,165642,
4,4,3EYErXyQpVtbC7DoZE7lDr,NAME,iKON,YG,2022-05-03,0.567,0.514,5,-5.925,1,0.0276,0.406,0.0,0.19,0.244,143.867,237677,
5,5,0br4r9VlPdofrWXxPorlYd,Why Why Why,iKON,YG,2021-03-03,0.749,0.634,0,-5.964,0,0.0595,0.172,0.0,0.109,0.274,123.997,206856,
6,6,3iF0ZyWG2lXVHKkKH30SRp,Ah Yeah,iKON,YG,2020-02-06,0.743,0.902,6,-3.294,0,0.106,0.122,0.0,0.0795,0.875,124.034,188367,
7,7,3O7yIZM96XVdTDDEMhfZpP,Dive,iKON,YG,2020-02-06,0.757,0.743,6,-5.649,0,0.0341,0.0164,0.0,0.0441,0.634,124.054,190968,
8,8,3kT7o4W71zGsHCPNugtwY4,All The World,iKON,YG,2020-02-06,0.778,0.75,0,-4.04,1,0.0484,0.0639,0.0,0.0988,0.958,123.026,200766,
9,9,2rN22VtpXTI1qcnrPVm3pO,Holding On,iKON,YG,2020-02-06,0.554,0.504,0,-5.122,1,0.0343,0.24,0.0,0.0617,0.603,183.856,182297,
10,10,4BFbn9GneqRPCSK2NLuiyq,Flower,iKON,YG,2020-02-06,0.671,0.645,7,-4.6,1,0.0279,0.449,0.0,0.236,0.393,115.003,259738,
11,11,1tSE6WK5ZavbqYQoiPoeu0,GOODBYE ROAD,iKON,YG,2018-10-01,0.579,0.852,4,-3.358,1,0.0527,0.0607,0.0,0.41,0.641,79.015,239104,
12,12,2RnKifnMGY9qWQxu1chxFa,DON'T LET ME KNOW,iKON,YG,2018-10-01,0.625,0.735,7,-4.358,1,0.0366,0.186,0.0,0.318,0.626,129.957,201291,
13,13,6SOvKpNmIqYT7ey67DwOIs,ADORE YOU,iKON,YG,2018-10-01,0.5,0.539,1,-4.431,0,0.0559,0.214,0.0,0.109,0.422,65.321,210575,
14,14,6xPJ6ErEUYZ8dWply3hytx,PERFECT,iKON,YG,2018-10-01,0.735,0.66,2,-4.107,1,0.057,0.585,0.0,0.0544,0.673,119.908,213129,
15,15,4IES5wg7AXBZbMEQJjMbbV,KILLING ME,iKON,YG,2018-08-02,0.762,0.672,9,-5.277,0,0.073,0.463,0.0,0.205,0.507,128.001,193734,
16,16,4iIqC30V66iyyAw4FlJKDU,FREEDOM,iKON,YG,2018-08-02,0.45,0.897,0,-2.737,1,0.0715,0.0207,0.0,0.347,0.793,173.044,201941,
17,17,24BXjO5MIQia81cTRpsh9R,ONLY YOU,iKON,YG,2018-08-02,0.818,0.782,8,-3.17,1,0.0482,0.221,0.0,0.169,0.881,114.981,212157,
18,18,1FRcSB4eHNSMNcPownrFz6,COCKTAIL,iKON,YG,2018-08-02,0.769,0.874,2,-3.675,1,0.042,0.0814,0.0,0.648,0.932,122.959,226156,
19,19,0ubdJqA9HGvSFQQacv1b6G,JUST FOR YOU,iKON,YG,2018-08-02,0.623,0.499,11,-5.43,1,0.0493,0.593,0.0,0.154,0.277,86.145,201207,
20,20,4FMhacfObjPJuLIyPBjc0K,Rubber Band,iKON,YG,2018-03-05,0.753,0.745,0,-5.082,1,0.0319,0.338,0.0,0.343,0.691,130.049,197214,
21,21,6kI4lAxy6yOEtnuROJvNuf,BLING BLING,iKON,YG,2017-05-22,0.781,0.94,2,-3.779,1,0.0669,0.069,0.0,0.0992,0.537,125.009,219225,
22,22,5Sq6SjuaTrlFsQxveUTw4R,B-DAY,iKON,YG,2017-05-22,0.716,0.83,6,-4.091,0,0.0562,0.027,0.0,0.476,0.695,129.97,214585,
23,23,3iDMMyOcmcApKJZa1rYpgI,#WYD,iKON,YG,2016-05-30,0.633,0.725,4,-5.122,1,0.0616,0.365,0.0,0.17,0.238,99.894,211144,
24,24,3d3ELsqKlQ7WA0a10Isu3l,LOVE SCENARIO,iKON,YG,2018-01-25,0.806,0.707,7,-4.623,1,0.0307,0.331,0.0,0.294,0.746,118.009,209648,
25,25,2l526adqDC9nZ9TL4dD80A,BEAUTIFUL,iKON,YG,2018-01-25,0.746,0.859,0,-4.397,0,0.0998,0.268,0.0,0.0812,0.702,110.022,196016,
26,26,1Qe3tsyo70PEZKAtjET4Id,ONE AND ONLY (B.I Solo),iKON,YG,2018-01-25,0.631,0.716,10,-5.527,0,0.301,0.0175,0.0,0.78,0.282,170.951,206933,
27,27,5l9yN1JROmX6QptM6n4R9C,JERK,iKON,YG,2018-01-25,0.591,0.728,7,-3.81,0,0.0696,0.233,0.0,0.113,0.745,173.893,223086,
28,28,1AhfmrzSrDmOIstpRO9wTI,BEST FRIEND,iKON,YG,2018-01-25,0.457,0.745,4,-4.014,1,0.0864,0.19,0.0,0.17,0.568,67.927,230149,
29,29,6aIjd7n2vFajtP2hYVsARt,EVERYTHING,iKON,YG,2018-01-25,0.674,0.775,0,-4.908,0,0.0329,0.0501,0.0,0.166,0.358,130.012,214739,
30,30,4lhcOa69hv4J74sGtPeglB,HUG ME,iKON,YG,2018-01-25,0.598,0.717,0,-5.445,0,0.212,0.149,0.0,0.112,0.556,171.767,216916,
31,31,0enqhUkjhENOS0x7z9JwgL,DON'T FORGET,iKON,YG,2018-01-25,0.659,0.517,3,-5.924,1,0.0757,0.344,0.0,0.0893,0.348,139.877,253563,
32,32,7sH4bGIhNwnWOCrh2Rp9ss,SINOSIJAK,iKON,YG,2018-01-25,0.673,0.78,7,-4.134,1,0.198,0.0521,0.0,0.0947,0.329,101.032,188060,
33,33,6OCwktCtDcutcJiD0XtDhQ,LOVE ME,iKON,YG,2018-01-25,0.691,0.984,2,-2.02,1,0.0444,0.0961,0.0,0.367,0.973,159.98,208808,
34,34,7m5Dx1L76Gxnb7osbw8Cdi,JUST GO,iKON,YG,2018-01-25,0.671,0.633,8,-4.527,1,0.0356,0.386,0.0,0.0541,0.666,77.145,216430,
35,35,55UNoOCjEO5EvDpmSJQN76,LONG TIME NO SEE,iKON,YG,2018-01-25,0.737,0.723,0,-5.038,1,0.108,0.289,0.0,0.128,0.531,94.982,206776,
36,36,6KZdpxLX8r1tGZ2Q7eKIvf,DUMB & DUMBER,iKON,YG,2015-12-24,0.731,0.874,5,-4.284,0,0.082,0.0962,0.0,0.0498,0.443,129.972,241701,
37,37,5j6DlZe93zQZbRI9KnGine,WHAT'S WRONG ?,iKON,YG,2015-12-24,0.72,0.797,0,-5.399,1,0.0562,0.0264,0.0,0.0949,0.767,127.994,228992,
38,38,3KNUQPxl7F4Lz10KL0vZOp,I MISS YOU SO BAD,iKON,YG,2015-12-24,0.765,0.839,8,-4.297,0,0.125,0.189,0.0,0.105,0.751,97.956,228369,
39,39,31rYX1S6eIwgc9HHejwO20,ANTHEM,iKON,YG,2015-12-24,0.724,0.789,8,-4.462,0,0.077,0.000769,0.0,0.328,0.548,94.997,205229,
40,40,1LWmicABfi13JjNkdfdT76,APOLOGY,iKON,YG,2015-12-24,0.524,0.773,6,-4.066,1,0.137,0.281,0.0,0.148,0.322,74.295,231567,
41,41,59ifgLYGgTOPgcpUzYbgdG,I'M OK,iKON,YG,2019-02-27,0.68,0.639,0,-4.246,1,0.0332,0.26,0.0,0.0923,0.385,89.959,217640,
42,42,0LdOtVh3Oxoe0GcVNwOlZm,WORLDWIDE,iKON,YG,2019-02-27,0.793,0.776,10,-4.447,0,0.0366,0.2,0.0,0.523,0.557,99.993,207093,
43,43,2qR0mMrgwO099ONpl2B0II,U MAD,BOBBY,YG,2021-01-25,0.704,0.84,11,-4.733,1,0.217,0.108,0.0,0.386,0.511,140.985,170280,
44,44,3aEDqRYIXcFsUrnNVY5Q5g,RocKstaR,BOBBY,YG,2021-01-25,0.605,0.928,2,-3.306,1,0.384,0.105,0.0,0.345,0.843,180.105,185997,
45,45,5Gk91Q0KYwC5pycyOn01sQ,NO TIME,BOBBY,YG,2021-01-25,0.727,0.93,7,-4.983,1,0.106,0.147,0.0,0.261,0.681,132.109,185461,
46,46,7GbgEA8BmDmwxGARrVs87q,BrEAk It DoWn,BOBBY,YG,2021-01-25,0.652,0.741,2,-4.688,1,0.112,0.0817,0.0,0.0952,0.811,159.976,190091,
47,47,6tIIRfmrgZnAaC1o7TvWxV,In THE DaRk,BOBBY,YG,2021-01-25,0.425,0.758,1,-5.062,1,0.0778,0.0854,0.0,0.121,0.459,177.494,224082,
48,48,6eQ74GNcsSwHsXp6kG0v4Y,LiLaC,BOBBY,YG,2021-01-25,0.541,0.744,2,-4.102,1,0.0357,0.0817,0.0,0.225,0.278,153.992,168782,
49,49,3rmTbr3faJXLkwr1MD2wTE,Ur SOUL Ur BodY (feat. DK),BOBBY,YG,2021-01-25,0.669,0.64,10,-6.351,1,0.0331,0.0176,0.0,0.0346,0.39,98.008,205077,
50,50,5hs5J3f6lH9v286otiDBeS,GOrGeOuS,BOBBY,YG,2021-01-25,0.715,0.752,11,-6.265,0,0.0714,0.229,0.0,0.231,0.758,119.988,201611,
51,51,1vOvHNRKQs8sriDTok0TC5,LiAr,BOBBY,YG,2021-01-25,0.639,0.768,7,-5.114,0,0.0704,0.0369,0.0,0.214,0.657,139.98,237959,
52,52,4zcoVOaN97y4WPUUAtDu0j,HeartBROKEN PlaYBoY,BOBBY,YG,2021-01-25,0.779,0.729,5,-5.356,1,0.0434,0.0807,0.0,0.109,0.497,109.974,216806,
53,53,5BmhJNAVzCVmQH4aiQCYqN,RaiNinG (feat. JU-NE),BOBBY,YG,2021-01-25,0.636,0.678,6,-5.691,1,0.0524,0.0302,0.0,0.156,0.513,135.985,216882,
54,54,4iXdQQtTXb6yUMbDv7950e,Let iT Go,BOBBY,YG,2021-01-25,0.453,0.89,10,-4.479,1,0.181,0.0739,0.0,0.291,0.774,187.92,234468,
55,55,3S4YpayAH2CV3iR5RPb7iX,DeViL,BOBBY,YG,2021-01-25,0.405,0.858,0,-4.323,1,0.315,0.0297,0.0,0.675,0.382,171.101,210095,
56,56,2psmCxz85mli4dgFnIZbQW,I LOVE YOU,BOBBY,YG,2017-09-14,0.763,0.83,2,-4.407,1,0.0975,0.0995,0.0,0.0708,0.592,111.988,210327,
57,57,3uZrLYuhuFbo872XiLdo1x,RUNAWAY,BOBBY,YG,2017-09-14,0.712,0.745,8,-4.977,1,0.0924,0.153,0.0,0.0557,0.432,92.981,223355,
58,58,10dHpqakxk3NHpHd2LIyqk,ALIEN,BOBBY,YG,2017-09-14,0.734,0.694,5,-6.813,0,0.0787,0.308,0.0,0.0972,0.805,139.949,193591,
59,59,3wdQ9ZioKOzHIs6hA0x88u,TENDAE,BOBBY,YG,2017-09-14,0.769,0.705,11,-5.1,1,0.0949,0.61,0.0,0.105,0.751,90.092,216095,
60,60,3pIpEhlipGhL3fN8FWCdoc,UP,BOBBY,YG,2017-09-14,0.793,0.758,8,-5.382,0,0.178,0.0749,0.0,0.339,0.329,140.003,250390,
61,61,6GR9G4BWKnbcqaUmjYrVXt,SECRET,BOBBY,YG,2017-09-14,0.446,0.614,7,-6.574,1,0.273,0.347,0.0,0.0929,0.658,86.853,216292,
62,62,3oDjBTEsEJuYQ5UegWr806,IN LOVE,BOBBY,YG,2017-09-14,0.526,0.365,2,-7.586,1,0.031,0.852,0.0,0.118,0.124,90.147,215680,
63,63,7nwiiJfm5gdbJfLPqY2xZw,SWIM,BOBBY,YG,2017-09-14,0.682,0.806,7,-5.359,1,0.123,0.196,0.0,0.21,0.539,138.15,240578,
64,64,6RxmoKcDLElJYIwOddEqV5,FIREWORK,BOBBY,YG,2017-09-14,0.61,0.74,6,-5.243,1,0.142,0.249,0.0,0.366,0.559,140.174,225748,
65,65,2hRWNOtQv7551TRsJPv6pd,LEAN ON ME,BOBBY,YG,2017-09-14,0.678,0.914,9,-4.182,1,0.262,0.071,0.0,0.0477,0.779,89.906,223366,
66,66,0dkqqQAizwp3MHJKehq5ng,HOLUP!,BOBBY,YG,2016-09-07,0.669,0.953,0,-2.43,1,0.0634,0.124,0.0,0.302,0.538,100.964,211875,
67,67,4BgG0m5owAxrXw6fEeTzWn,CLIMAX < TEAM B>,WIN,YG,2013-10-28,0.509,0.724,1,-5.684,1,0.185,0.176,0.0,0.116,0.305,84.046,191901,
68,68,79dg0MEBJEIDIZMjEjIFsZ,JUST ANOTHER BOY <TEAM B>,WIN,YG,2013-10-28,0.477,0.885,1,-3.043,1,0.061,0.0504,0.0,0.447,0.745,133.758,219220,
69,69,0bBrEmo01hYu6gBz4UW9Q8,Apology,iKON,YG,2015-11-16,0.524,0.773,6,-4.066,1,0.137,0.281,0.0,0.148,0.322,74.295,231567,
70,70,2TPHfPjwV7JJlXKVxGJprX,Anthem (B.I & BOBBY),iKON,YG,2015-11-16,0.724,0.789,8,-4.462,0,0.077,0.000769,0.0,0.328,0.548,94.997,205229,
71,71,5IR3lhOBnilcIGTdpnUomh,WELCOME BACK,iKON,YG,2015-11-16,0.797,0.68,4,-4.613,0,0.0849,0.238,0.0,0.246,0.887,95.018,213400,
72,72,5T7NN5LxcfMEudEbya2wcE,RHYTHM TA,iKON,YG,2015-11-16,0.764,0.828,7,-4.375,1,0.0967,0.104,0.0,0.332,0.583,81.989,226970,
73,73,4gxLDYnbnyNiUd6YrlmppO,MY TYPE,iKON,YG,2015-11-16,0.789,0.55,1,-5.595,1,0.0392,0.202,0.0,0.337,0.698,93.984,210903,
74,74,17PVzD5ZiIo4p1cpwFBUPJ,TODAY,iKON,YG,2015-11-16,0.783,0.761,1,-4.182,0,0.0634,0.115,0.0,0.096,0.891,105.963,192107,
75,75,1ZfVxNlKpUHv8ZA8ri59nX,AIRPLANE,iKON,YG,2015-11-16,0.546,0.687,0,-5.547,1,0.214,0.219,0.0,0.428,0.529,173.814,216043,
76,76,3X1ffifvaygGwhu3LOJ20o,M.U.P,iKON,YG,2015-11-16,0.515,0.746,7,-5.055,1,0.0932,0.336,0.0,0.0819,0.363,191.852,202741,
0,0,6Q7TAXHQb7l5NnJX1cC6VF,Lollipop (Bigbang),2NE1,YG,2009-03-27,0.837,0.825,0,-6.301,1,0.0391,0.0193,0.0,0.33,0.891,119.976,188839,
1,1,2EwOnaGCrPjbmyZlt76NN4,Fire,2NE1,YG,2009-07-08,0.866,0.738,11,-3.493,0,0.0814,0.00615,0.000549,0.227,0.683,126.013,222840,
2,2,1ErdaM9N7EJ7trhXFnDECg,I Don't Care,2NE1,YG,2009-07-08,0.813,0.785,1,-3.881,0,0.0921,0.065,0.0,0.0747,0.852,131.978,238213,
3,3,0HfsCAv2Bh9bJNxjD8Sm7S,In The Club,2NE1,YG,2009-07-08,0.612,0.752,1,-4.364,1,0.057,0.0573,0.0,0.0572,0.599,163.955,224467,
4,4,0tfSZHuscf970voflvUcXT,Let's Go Party,2NE1,YG,2009-07-08,0.842,0.703,1,-5.627,0,0.0305,0.0891,0.00226,0.0744,0.607,120.004,228280,
5,5,0HKiJczSt6YMtlNq87P0HT,Pretty Boy,2NE1,YG,2009-07-08,0.856,0.893,11,-3.621,0,0.132,0.109,0.0,0.102,0.729,119.991,205147,
6,6,3dbDqyQQz5MUhcrQEJOHFP,Stay Together,2NE1,YG,2009-07-08,0.777,0.687,4,-6.701,0,0.0466,0.0341,7.13e-06,0.128,0.67,125.102,224733,
7,7,0duGEEnNcvRgkeoZVx6qFu,I Am the Best (내가 제일 잘 나가),2NE1,YG,2011-07-28,0.817,0.842,0,-3.727,1,0.0369,0.00873,0.00294,0.0498,0.741,127.98,210733,
8,8,5FahFQNnmxqiWzJbDNmeIY,Ugly,2NE1,YG,2011-07-28,0.652,0.852,8,-2.746,1,0.078,0.196,0.0,0.218,0.519,127.959,248711,
9,9,5BzfRtVjyC4wbISHdbCvWL,Lonely,2NE1,YG,2011-07-28,0.588,0.568,4,-2.787,1,0.0271,0.225,0.0,0.138,0.393,94.83,209987,
10,10,75gfxN38PUOF2r22yTKCA5,Hate You,2NE1,YG,2011-07-28,0.703,0.85,4,-2.244,0,0.0353,0.00331,0.0,0.135,0.727,125.059,213147,
11,11,6dqPQmjmujiSrPrAUdIKXC,Don't Cry,2NE1,YG,2011-07-28,0.595,0.838,2,-2.918,1,0.0344,0.0179,4.28e-05,0.341,0.447,130.022,192787,
12,12,6gjyqBua3EQWqYT6GPJG9y,Don't Stop The Music,2NE1,YG,2011-07-28,0.764,0.88,0,-4.908,1,0.145,0.0517,0.0114,0.053,0.468,119.976,229640,
13,13,7ae1SxXyeP0oe9Sukscwwf,GO AWAY,2NE1,YG,2011-11-16,0.718,0.769,11,-2.206,1,0.0352,0.0397,0.0,0.0579,0.657,127.95,215893,
14,14,0q4O7yEr4Qfw4OecJenQBw,IT HURTS,2NE1,YG,2011-11-16,0.652,0.64,3,-5.205,0,0.066,0.3,0.0,0.151,0.756,147.866,253840,
15,15,3bUlHNpmgJJtyOrnifdPdy,SCREAM,2NE1,YG,2012-03-28,0.693,0.739,6,-3.02,0,0.0453,0.00634,1.12e-05,0.26,0.552,128.042,222547,
16,16,1JL0TVbkCaJM4d5n1ReWDN,I LOVE YOU,2NE1,YG,2012-07-05,0.738,0.837,0,-4.132,0,0.0357,0.0274,0.0,0.216,0.49,125.01,237347,
17,17,2Jj05yf4C9PWgH7xQuVNIm,Falling In Love,2NE1,YG,2013-07-08,0.66,0.626,11,-2.524,1,0.0719,0.0325,0.0,0.369,0.418,176.194,226575,
18,18,6edlzM2EaYIVArdeM3UCDb,Do You Love Me,2NE1,YG,2013-08-07,0.765,0.77,2,-2.599,1,0.0631,0.00404,1.24e-06,0.353,0.624,129.967,215077,
19,19,4qF2G0wTxKPvCOUzYzKrWq,Missing You,2NE1,YG,2013-11-21,0.625,0.45,0,-5.214,1,0.0339,0.821,0.0,0.111,0.263,130.109,219302,
20,20,4e2GUvAz5aWwqdZGKNoYRw,Goodbye,2NE1,YG,2017-01-21,0.644,0.488,1,-4.042,1,0.0331,0.329,0.0,0.163,0.489,151.544,231445,
21,21,6bdrK3DnKZWfAsvO21oj1q,Can't Nobody,2NE1,YG,2010-09-09,0.778,0.784,9,-2.522,0,0.043,0.0486,3.5e-06,0.0966,0.81,129.946,208680,
22,22,1h5o1bj7HccZOYZWY5OXEE,Clap Your Hands (박수쳐),2NE1,YG,2010-09-09,0.836,0.919,1,-2.048,1,0.136,0.0751,0.0,0.191,0.872,101.927,222427,
23,23,0UAn9o1GFHsI0f2gzWlS5C,I'm Busy (난 바빠),2NE1,YG,2010-09-09,0.834,0.877,2,-1.694,1,0.249,0.128,0.000224,0.0784,0.948,128.018,218227,
24,24,3LcqmxG7aKGijDF5e7XvUR,Ah-Yah-Yah (사랑은 아야야),2NE1,YG,2010-09-09,0.695,0.872,6,-2.687,1,0.0256,0.0186,0.0,0.0436,0.493,126.992,233947,
25,25,14Pn9Vd2GKwQrVYADgCZ5l,You and I (Park Bom),2NE1,YG,2010-09-09,0.661,0.784,8,-3.729,1,0.0513,0.018,0.0837,0.0844,0.689,161.838,234320,
26,26,46z31nvDi94Xk9enbpe8XR,Please Don't Go (CL&Minzy),2NE1,YG,2010-09-09,0.818,0.737,8,-3.102,1,0.0859,0.00729,5.39e-05,0.0911,0.845,123.0,198173,
27,27,4kay2XPHGRBS1VaKIEL39K,Kiss (Dara),2NE1,YG,2010-09-09,0.867,0.872,10,-3.157,0,0.0329,0.0141,0.0,0.0921,0.624,119.996,213400,
28,28,7JJYhZh77nSRKmy86uIWhN,Try to Follow Me (날 따라 해봐요),2NE1,YG,2010-09-09,0.482,0.929,8,-2.708,1,0.189,0.0311,9.04e-05,0.149,0.742,179.817,189427,
29,29,7svW1dxjfObNtZFQNNpFlh,LOVE IS OUCH,2NE1,YG,2012-03-28,0.71,0.847,1,-3.712,1,0.0262,0.0159,0.0,0.0351,0.478,127.003,232747,
30,30,36rsxJAqcs4USlhBiRQhVn,LIKE A VIRGIN,2NE1,YG,2012-03-28,0.636,0.967,1,-3.146,1,0.0309,0.12,1.4e-05,0.0487,0.976,124.968,253680,
31,31,7FLHZtNqn4PfSs6DwtWdY3,CRUSH,2NE1,YG,2014-02-27,0.711,0.91,1,-1.204,1,0.0467,0.568,0.0,0.157,0.556,130.146,194236,
32,32,63J1RStsmoVKXNTCHRNxii,COME BACK HOME,2NE1,YG,2014-02-27,0.572,0.84,0,-3.349,0,0.126,0.155,0.0,0.638,0.146,149.864,229627,
33,33,29yVLesUDgcKvnTdipu3rw,GOTTA BE YOU,2NE1,YG,2014-02-27,0.619,0.901,8,-2.22,0,0.138,0.15,0.0,0.214,0.612,130.167,231519,
34,34,3w0IoJb39EAAVY8ELVr8Vl,IF I WERE YOU,2NE1,YG,2014-02-27,0.558,0.657,5,-3.509,0,0.0487,0.195,0.0,0.0531,0.624,181.94,210258,
35,35,4whO7cYDxc9neQYHvhRx06,GOOD TO YOU,2NE1,YG,2014-02-27,0.61,0.662,11,-5.257,0,0.101,0.766,0.0,0.406,0.438,157.953,220684,
36,36,616ZM39dWv2G4l1G6qP09Q,멘붕 - CL SOLO,2NE1,YG,2014-02-27,0.756,0.792,2,-4.015,1,0.0367,0.0166,0.0077,0.108,0.207,99.995,195748,
37,37,5UteR9bUlDg8I70brft1Vh,HAPPY,2NE1,YG,2014-02-27,0.765,0.806,6,-2.263,1,0.109,0.387,0.0,0.106,0.68,120.01,216750,
38,38,0FI033zyupbuwUIZSXvfq8,BABY I MISS YOU,2NE1,YG,2014-02-27,0.789,0.616,8,-4.796,1,0.047,0.165,0.0,0.209,0.249,102.0,192084,
39,39,11F35JnHM8PhNqXloxWFKT,THE BADDEST FEMALE,CL,YG,2013-05-28,0.725,0.84,9,-4.861,1,0.0583,0.00456,0.0,0.337,0.674,140.055,223034,
40,40,72ysGFB4mZTgQsPqN9PzPS,Hello Bitches,CL,YG,2015-12-05,0.714,0.884,11,-2.932,1,0.113,0.00985,0.0,0.439,0.584,145.075,178177,
41,41,0eqvTUsVkEJsD2sz6zFieN,LIFTED,CL,YG,2016-08-19,0.369,0.698,0,-4.155,1,0.156,0.0015,0.0,0.217,0.286,181.353,175402,
42,42,5WrmurzLklDfXdFAKjwwdF,DON'T CRY,Park Bom,YG,2011-04-21,0.595,0.838,2,-2.918,1,0.0344,0.0179,4.28e-05,0.341,0.447,130.022,192787,
0,0,5xhKFZxWUFPutJw8Xkq6k1,Intro - Bigbang,BIGBANG,YG,2006-12-22,0.765,0.621,4,-5.249,1,0.355,0.0387,0.0,0.11,0.581,102.108,25613,0.0
1,1,3ZsfUGSRLBjY6LgRvdzQAv,She Can't Get Enough,BIGBANG,YG,2006-12-22,0.823,0.801,11,-3.573,0,0.18,0.0103,0.0,0.101,0.59,103.016,209520,1.0
2,2,6XwxW14pYZ7I3D1gkeXTsf,Shake It,BIGBANG,YG,2006-12-22,0.734,0.905,7,-4.605,1,0.0578,0.0504,0.0,0.14,0.871,114.97,225520,2.0
3,3,62laTbC1RWyE3IhsNEbvE9,La La La,BIGBANG,YG,2006-12-22,0.776,0.765,1,-4.721,0,0.0404,0.0242,0.0,0.0546,0.862,101.997,179587,3.0
4,4,2ODw60NRN4agCHqTgaCtOw,Laugh It Off (DaeSung Solo),BIGBANG,YG,2006-12-22,0.656,0.533,5,-6.493,1,0.0352,0.246,0.0,0.121,0.339,131.94,252160,4.0
5,5,1JKlLrjbcBgCuMnfoQfQpb,V.I.P,BIGBANG,YG,2006-09-28,0.835,0.735,10,-6.17,0,0.24,0.0298,0.0,0.121,0.733,100.979,183933,5.0
6,6,3U4Qb76a4uPNGwk6eRvdr8,This Love,BIGBANG,YG,2006-08-29,0.74,0.736,10,-6.611,0,0.182,0.021,0.0,0.0726,0.71,95.064,210280,6.0
7,7,0O8Ao0XDsXqwDl1Zl0FdgY,A Fool Of Tears,BIGBANG,YG,2006-08-29,0.706,0.629,0,-6.333,1,0.0385,0.0455,0.0,0.126,0.584,124.036,242747,7.0
8,8,7mm0wCVAg6iigOXWEfd4P3,We belong together,BIGBANG,YG,2006-08-29,0.773,0.772,2,-5.316,0,0.0419,0.156,0.0,0.0376,0.716,139.99,238293,8.0
9,9,1z0FM4koxyQC0jJ9Gslz0O,Intro (Put your hands up),BIGBANG,YG,2006-08-29,0.721,0.782,2,-5.841,1,0.0733,0.0735,7.54e-05,0.102,0.877,92.017,81493,9.0
10,10,3BH7dgnovhpgTH0p8IrTog,Victory (Intro),BIGBANG,YG,2006-11-22,0.81,0.699,0,-4.565,1,0.061,0.0287,0.0,0.0864,0.485,90.027,112118,10.0
11,11,5Bj2xa3irK5eVQVRtn8WrM,Bigbang,BIGBANG,YG,2006-11-22,0.904,0.614,11,-4.866,1,0.104,0.0301,0.0,0.249,0.847,101.981,205401,11.0
12,12,7czVcA9IUsAy61QdQaX2Tw,Forever With U (Feat. Park Bom),BIGBANG,YG,2006-11-22,0.786,0.662,9,-7.08,0,0.124,0.141,0.0,0.321,0.75,140.021,218619,12.0
13,13,6KDTPqz8GMqD1JxtxIU9bM,Intro - Hot Issue,BIGBANG,YG,2007-11-22,0.902,0.689,1,-6.028,1,0.203,0.0263,9.17e-06,0.0826,0.775,114.952,82747,13.0
14,14,0K1bxe733BFc74jk4g59ED,Fool,BIGBANG,YG,2007-11-22,0.668,0.779,0,-5.324,1,0.0452,0.116,0.0,0.314,0.383,124.95,225667,14.0
15,15,5DGzLXYIcoHWbYKmvLdrF2,But I Love You,G-DRAGON,YG,2007-11-22,0.784,0.794,0,-5.039,0,0.163,0.142,0.0,0.471,0.412,109.976,255013,15.0
16,16,0zs58tmSn7sHRr330bbNhy,I Don't Understand,BIGBANG,YG,2007-11-22,0.722,0.626,9,-6.682,0,0.0321,0.0657,1.28e-06,0.0794,0.844,137.976,245987,16.0
17,17,1bxmk02EmO6e6ER33ldxcn,Crazy Dog,BIGBANG,YG,2007-11-22,0.828,0.75,9,-4.209,0,0.049,0.0662,4.94e-05,0.0826,0.839,122.994,219720,17.0
18,18,7KDHGgYt5fF2Lh9FxMbVML,Last Farewell,BIGBANG,YG,2007-11-22,0.703,0.934,6,-2.92,0,0.167,0.0462,0.0,0.116,0.821,135.02,231800,18.0
19,19,09evj5XqnVuZg7RX5CFhD4,Intro - We Are BIGBANG,BIGBANG,YG,2007-08-16,0.787,0.684,5,-4.217,0,0.0856,0.0544,0.0,0.0983,0.919,97.035,96853,19.0
20,20,54SpjxPioot7g7hVfbrXHh,Lies,BIGBANG,YG,2007-08-16,0.781,0.849,6,-5.644,1,0.0568,0.159,0.0,0.93,0.665,124.986,229120,20.0
21,21,6b6wrV3LTXnblffTLHpRSx,Unknown Number,BIGBANG,YG,2007-08-16,0.834,0.947,7,-5.785,1,0.0412,0.0263,0.0,0.0976,0.692,114.986,217600,21.0
22,22,27vEqY0DyEDGXVFIb66kuL,Oh Ma Baby,BIGBANG,YG,2007-08-16,0.68,0.718,4,-6.181,0,0.0875,0.158,0.0,0.337,0.584,84.97,231480,22.0
23,23,4aIgmON0kGOFooTuiIh2KS,Always,BIGBANG,YG,2007-08-16,0.698,0.781,5,-3.8,0,0.0236,0.000176,0.0,0.0507,0.339,116.036,233320,23.0
24,24,3XkPwYjp7S8KvKEgdYWYMI,Good Bye Baby,BIGBANG,YG,2007-02-08,0.64,0.877,11,-7.331,0,0.224,0.114,0.0,0.935,0.629,99.93,320133,24.0
25,25,3UAPaWDZIi1icI0BBGYIJy,Dirty Cash (For Fan - Original Track),BIGBANG,YG,2007-02-08,0.876,0.863,11,-5.57,0,0.151,0.0476,0.0,0.158,0.963,129.942,191693,25.0
26,26,1UDfTHHD7kKWKvYj9EFYJo,Intro - Everybody Scream,BIGBANG,YG,2008-11-05,0.782,0.821,5,-3.485,0,0.0442,0.0354,0.0,0.0713,0.604,120.024,103760,26.0
27,27,64qFuih3SyIO4AYGxlsUPa,"Oh, Ah, Oh",BIGBANG,YG,2008-11-05,0.625,0.915,7,-2.486,1,0.0589,0.00949,0.0,0.122,0.611,135.88,224920,27.0
28,28,3qHBjPdFZeS0tfXywAxOKq,Sunset Glow,BIGBANG,YG,2008-11-05,0.756,0.87,8,-2.27,1,0.0543,0.0896,0.0,0.141,0.618,124.983,204920,28.0
29,29,0VQXG8zWL7rJwi1bdgZbDj,You Are My Light,BIGBANG,YG,2008-11-05,0.727,0.837,5,-4.05,0,0.0908,0.0405,0.0,0.257,0.672,110.007,218893,29.0
30,30,5NnjXRvnm2xGwBA3dnO8Mq,Wonderful,BIGBANG,YG,2008-11-05,0.702,0.906,9,-3.409,0,0.0343,0.0206,0.0,0.272,0.952,129.982,210240,30.0
31,31,3zXL187ljM6hMO5PdhmjFk,Foolish Love,BIGBANG,YG,2008-11-05,0.705,0.745,7,-4.946,0,0.0617,0.167,0.0,0.244,0.648,144.978,241187,31.0
32,32,2dSUbidMWyOS4NrfPy32FI,Remember,BIGBANG,YG,2008-11-05,0.645,0.804,0,-3.785,0,0.045,0.0507,0.0,0.309,0.706,155.938,200253,32.0
33,33,4bfKZmzdoP3mJdAYZ8tqw7,Intro - Stand Up,BIGBANG,YG,2008-08-08,0.825,0.883,6,-4.531,1,0.0831,0.0235,0.0,0.125,0.816,116.919,97293,33.0
34,34,1L4d2lafz1odpIMe8va21X,Haru Haru,BIGBANG,YG,2008-08-08,0.687,0.914,6,-5.02,1,0.0437,0.166,0.0,0.0858,0.675,126.001,256360,34.0
35,35,6M78En84cFYQxdYABC2fZO,My Heaven,BIGBANG,YG,2008-08-08,0.642,0.874,0,-4.915,1,0.0501,0.0802,0.0,0.343,0.545,128.02,232933,35.0
36,36,72NpoBNUwJFDHMbyV2iMYv,A Good Man,BIGBANG,YG,2008-08-08,0.855,0.633,3,-6.268,0,0.0403,0.26,0.0,0.0711,0.794,124.988,206347,36.0
37,37,3CXBq32gcN5wlsg4TEPWe9,Lady,BIGBANG,YG,2008-08-08,0.81,0.884,8,-4.146,1,0.0541,0.0734,0.0,0.144,0.693,103.006,204107,37.0
38,38,3qtZyPlAqtNYVoN1ECWNJy,Oh My Friend,BIGBANG,YG,2008-08-08,0.608,0.89,9,-4.253,1,0.0624,0.00141,0.0,0.344,0.4,142.055,209920,38.0
39,39,2rl8a6C2E8xkc0zgguEUO4,Wild Wild West,BIGBANG,YG,2008-02-27,0.665,0.904,7,-4.117,0,0.125,0.54,0.0,0.944,0.623,109.889,205227,39.0
40,40,6hBqe3XuIo9TWJGdo4RTB5,Pretended (Feat. Ji-eun) (T.O.P Solo),T.O.P.,YG,2008-02-27,0.672,0.69,0,-7.64,0,0.15,0.202,0.0,0.885,0.318,85.989,306787,40.0
41,41,6S9FpxJXnMHjNlga87fhOi,Stylish (The FILA),BIGBANG,YG,2008-12-30,0.705,0.919,0,-3.897,0,0.069,0.0216,0.0,0.937,0.501,117.974,196027,41.0
42,42,3A6XBzAollv1Yi7dl53141,声をきかせて,BIGBANG,YG,2009-01-01,0.71,0.819,6,-4.717,1,0.0435,0.111,0.0,0.112,0.674,119.996,253240,42.0
43,43,4DKQFPTSchm1e6itiV9lcr,オラ Yeah！,BIGBANG,YG,2009-01-01,0.84,0.833,9,-4.793,0,0.0299,0.0271,0.0,0.0965,0.813,125.026,180880,43.0
44,44,2DcOhk7VrtahPDRlS7s4B9,"So Fresh, So Cool",BIGBANG,YG,2009-04-03,0.724,0.863,9,-3.054,0,0.155,0.0163,0.0,0.31,0.689,140.018,139003,44.0
45,45,5gE2yPrsKkVIQ2WXzEKJTF,Number 1,BIGBANG,YG,2009-04-22,0.814,0.841,7,-4.716,1,0.0615,0.0255,0.0,0.486,0.815,115.016,198880,45.0
46,46,7D3mXc4XWqF3WwraXL5iDa,Make Love,BIGBANG,YG,2009-04-22,0.675,0.791,10,-3.677,0,0.0335,0.361,0.0,0.938,0.615,109.996,223800,46.0
47,47,3GXiHK4P3hdSuxEdWVo2rg,Tell Me Goodbye,BIGBANG,YG,2010-01-01,0.616,0.927,0,-3.467,0,0.143,0.188,0.0,0.218,0.525,79.918,245013,47.0
48,48,1Z9metSk7L35CWSbVzoP2w,BEAUTIFUL HANGOVER,BIGBANG,YG,2010-01-01,0.703,0.871,7,-2.606,0,0.0539,0.00501,0.0,0.078,0.508,132.914,223947,48.0
49,49,7jJnHoPel2hxKFlcLgTmoJ,Lollipop Part.2,BIGBANG,YG,2010-02-19,0.834,0.834,1,-3.207,1,0.0275,0.00163,0.0,0.162,0.803,119.981,200249,49.0
50,50,3UWJ4kyUTom1dvDTqKYy5h,Intro (Thank You & You),BIGBANG,YG,2011-02-24,0.915,0.682,8,-6.85,1,0.376,0.009,1.38e-06,0.0968,0.955,120.016,94573,50.0
51,51,1R1wuzQxZhghrjJZvqReyW,Hands Up,BIGBANG,YG,2011-02-24,0.607,0.948,9,-3.508,0,0.0652,0.0104,0.0,0.286,0.358,130.031,237253,51.0
52,52,5BGFEihEqSVBPWICqVnPIU,Tonight,BIGBANG,YG,2011-02-24,0.669,0.855,3,-4.46,0,0.0445,0.00999,0.0,0.506,0.25,129.909,222413,52.0
53,53,4UIKBrkH4ZKI2glKwQFDSV,Somebody To Love,BIGBANG,YG,2011-02-24,0.778,0.883,1,-3.125,1,0.0492,0.061,0.0,0.104,0.774,128.005,213640,53.0
54,54,7lUuLySlWkAAXF2olbxWEV,What Is Right,BIGBANG,YG,2011-02-24,0.795,0.89,8,-2.78,0,0.0368,0.235,0.0,0.204,0.734,126.037,224320,54.0
55,55,4mm23jt7cimDkeHu1VcS2v,Cafe,BIGBANG,YG,2011-02-24,0.798,0.749,5,-4.938,0,0.0424,0.229,0.0,0.338,0.704,106.049,219947,55.0
56,56,784qSLhmIjbc37plSfaPzF,Love Song,BIGBANG,YG,2011-04-08,0.554,0.868,2,-3.9,1,0.0455,0.00273,1.06e-05,0.0725,0.301,123.04,225813,56.0
57,57,0ZHfjGYU26P7B0j1MmHeG8,Stupid Liar,BIGBANG,YG,2011-04-08,0.624,0.81,0,-4.322,1,0.0336,0.0627,0.0,0.105,0.491,127.93,234787,57.0
58,58,0RpnRG4ZJBNeaHoqTF7h5U,High High,GD&TOP,YG,2011-04-08,0.697,0.851,5,-4.493,1,0.0802,0.00719,0.0,0.0907,0.599,130.023,190187,58.0
59,59,2rPldM3LvVScZkI7drfLuI,Oh Yeah,GD&TOP,YG,2011-04-08,0.618,0.794,9,-2.302,1,0.0777,0.0314,0.0,0.132,0.601,130.001,199027,59.0
60,60,334sBXJEz428B63ANg52sq,I Need a Girl,TAEYANG,YG,2011-04-08,0.704,0.546,11,-6.772,1,0.0509,0.452,0.0,0.0977,0.526,114.93,220133,60.0
61,61,2xi3O5Z1sApFoIjbskYfcD,Baby Don't Cry,DAESUNG,YG,2011-04-08,0.649,0.756,2,-5.35,1,0.0309,0.038,0.0,0.381,0.343,95.006,271760,61.0
62,62,26JeAi8xsSvLRoNsl9B8Js,FANTASTIC BABY - Japanese ver.,BIGBANG,YG,2012-03-28,0.723,0.828,11,-3.498,0,0.0729,0.00455,0.0,0.0405,0.433,130.01,231627,62.0
63,63,2e9empq1ESNgbBzZ1WQDt4,Still Alive,BIGBANG,YG,2012-06-20,0.682,0.921,1,-3.804,1,0.289,0.0341,0.0,0.151,0.611,109.919,197613,63.0
64,64,0waIm4YC88mWbGL1eHEyEn,MONSTER - Japanese Ver.,BIGBANG,YG,2012-06-20,0.64,0.758,0,-4.535,1,0.0544,0.0129,0.0,0.0957,0.498,127.945,233653,64.0
65,65,4G1DVtcCpyzcA3tBjOvF38,Intro (Alive),BIGBANG,YG,2012-02-29,0.641,0.914,10,-4.549,0,0.221,0.0105,0.0,0.194,0.73,110.08,47643,65.0
66,66,4LOLvDtzykDC7y9WehFoOi,Blue,BIGBANG,YG,2012-02-29,0.608,0.706,7,-7.275,1,0.0853,0.0595,0.0,0.056,0.357,124.985,233099,66.0
67,67,6mTFH5acKqe2fpxuFmiDjr,Love Dust (사랑 먼지),BIGBANG,YG,2012-02-29,0.663,0.757,0,-5.336,1,0.0857,0.0337,0.0,0.267,0.56,129.888,231816,67.0
68,68,7GLlnuHjYIKy3YR59ziaQe,Bad Boy,BIGBANG,YG,2012-02-29,0.597,0.764,9,-4.859,0,0.139,0.0148,0.0,0.126,0.364,74.98,236817,68.0
69,69,4ay2yecNFJtNuPOVojzHEZ,Ain't No Fun (재미없어),BIGBANG,YG,2012-02-29,0.766,0.557,9,-6.869,0,0.0491,0.00611,0.0,0.0818,0.747,124.027,222186,69.0
70,70,26eV0R7nbqtlzh316ncU99,Fantastic Baby,BIGBANG,YG,2012-02-29,0.725,0.841,2,-3.924,1,0.0545,0.002,0.0,0.0652,0.582,130.013,230573,70.0
71,71,0VpEWyA1qlKP9XkQ6f4mWB,Wings (날개) [Daesung Solo],BIGBANG,YG,2012-02-29,0.622,0.812,5,-4.585,1,0.0337,0.00222,2.63e-06,0.216,0.354,131.975,222990,71.0
72,72,0c7QMo952Ga2qAJMdfEcrb,Monster,BIGBANG,YG,2012-06-03,0.643,0.786,0,-4.251,1,0.0414,0.00584,0.0,0.369,0.462,128.003,231293,72.0
73,73,0LpZo1lRGyuiEyb5CtF3ja,Feeling,BIGBANG,YG,2012-06-03,0.797,0.783,7,-3.904,1,0.153,0.0182,0.0,0.133,0.67,126.933,215480,73.0
74,74,5nEqDf0voYu56KiHf7cfDe,Bingle Bingle (빙글빙글),BIGBANG,YG,2012-06-03,0.74,0.773,1,-3.324,0,0.0397,0.00874,0.0,0.059,0.81,125.042,180533,74.0
75,75,6whEx8LRxGMFj0oqXP0vX3,Ego,BIGBANG,YG,2012-06-03,0.794,0.788,10,-3.853,0,0.0404,0.0209,0.0,0.131,0.842,120.995,205200,75.0
76,76,7HRryO8lOrZswU7WR4K6V3,あんなヤツ,G-DRAGON,YG,2012-12-05,0.743,0.447,7,-6.872,1,0.0679,0.532,0.0,0.237,0.766,119.798,199733,76.0
77,77,6A4k0eQrXQYJjXEk7PwEWs,WING - JPN Ver.,DAESUNG,YG,2012-12-05,0.63,0.908,0,-2.896,1,0.0382,0.00741,5.37e-06,0.333,0.409,131.937,222680,77.0
78,78,6SV38MiP0iHrFEMmxdoklr,HIGH HIGH - JPN Ver.,GD&TOP,YG,2012-12-05,0.695,0.842,10,-3.779,1,0.0448,0.000839,0.0,0.104,0.626,129.952,185720,78.0
79,79,3Us7aZzRAmiAQ0fyfR1rfR,FXXK IT - KR Ver.,BIGBANG,YG,2017-02-15,0.716,0.753,0,-3.03,0,0.123,0.162,0.0,0.192,0.56,90.06,233787,79.0
80,80,7FZjVItt5HfrfcdFVJyY4v,LAST DANCE - KR Ver.,BIGBANG,YG,2017-02-15,0.618,0.67,1,-3.085,0,0.059,0.454,0.0,0.143,0.288,143.905,281640,80.0
81,81,2Lfo03sWbKD0u0Ti99vvw9,GIRLFRIEND - KR Ver.,BIGBANG,YG,2017-02-15,0.468,0.787,0,-2.312,0,0.238,0.181,0.0,0.196,0.431,169.951,231067,81.0
82,82,6bbLpbg0cV5L3yaPpuwBuH,LOSER,BIGBANG,YG,2015-05-01,0.639,0.692,3,-4.127,1,0.107,0.338,0.0,0.356,0.488,89.846,219371,82.0
83,83,0hQ9Bc0QhVuMEAUWaDFbZX,BAE BAE,BIGBANG,YG,2015-05-01,0.691,0.631,0,-4.804,1,0.0374,0.00674,0.0,0.186,0.435,139.954,169430,83.0
84,84,36tSJjMdDZeQFFIZIHYtd8,BANG BANG BANG,BIGBANG,YG,2015-06-01,0.69,0.843,1,-2.949,1,0.0534,0.0167,0.0,0.346,0.428,135.01,220178,84.0
85,85,0MuTMskE4WK5WGI82ASFTB,WE LIKE 2 PARTY,BIGBANG,YG,2015-06-01,0.666,0.916,1,-3.286,0,0.297,0.0172,0.0,0.397,0.694,89.952,195516,85.0
86,86,3KJXJwWN6Y9CMjeKWb792Z,IF YOU,BIGBANG,YG,2015-07-01,0.672,0.46,1,-6.213,1,0.0292,0.521,0.0,0.144,0.204,141.822,264216,86.0
87,87,1Me50eXOFCm8pjPJqcsLmq,SOBER,BIGBANG,YG,2015-07-01,0.653,0.835,5,-3.39,1,0.0787,0.00738,0.0,0.91,0.537,129.948,237513,87.0
88,88,5sIKdFa1uGfqlPGul5cnn4,ZUTTER (GD&T.O.P),BIGBANG,YG,2015-08-05,0.818,0.409,10,-5.384,0,0.0789,0.0981,0.0,0.122,0.315,90.024,194436,88.0
89,0,1MHf0s6R6JK633ASOxVW71,Let's not fall in love,BIGBANG,YG,2015-08-05,0.68,0.846,0,-4.217,1,0.0498,0.103,0.0,0.115,0.659,124.984,211927,0.0
90,1,5tmKSkKHNVrxh4Fctj2TdS,FLOWER ROAD,BIGBANG,YG,2018-03-13,0.71,0.654,1,-4.765,0,0.0858,0.124,0.0,0.15,0.624,94.862,228632,1.0
91,2,3TSLqZssCoCdDlMhCJ08XW,Still Life,BIGBANG,YG,2022-04-05,0.68,0.584,8,-4.457,1,0.034,0.443,0.0,0.0628,0.239,118.06,188369,2.0
92,3,5HGtC1DZxHYWJiggLc0qaZ,Only Look At Me Pt.2,G-DRAGON,YG,2008-06-30,0.72,0.692,2,-5.308,1,0.0414,0.352,0.0,0.123,0.781,140.111,239714,3.0
93,4,6CtYW6EWGMbfe96eqwCThq,One Of A Kind,G-DRAGON,YG,2012-09-15,0.632,0.801,7,-6.105,1,0.304,0.135,0.0,0.0876,0.749,171.977,205876,4.0
94,5,1HMbjnCFGOWd8Sqou4maxM,Crayon,G-DRAGON,YG,2012-09-15,0.718,0.934,11,-3.787,0,0.169,0.046,0.0,0.687,0.308,132.017,196920,5.0
95,6,3V375E3xldRPEEcIKiw83l,Without You (Feat. ROSE),G-DRAGON,YG,2012-09-15,0.6,0.678,11,-6.894,1,0.0372,0.0311,0.0,0.338,0.326,123.991,242677,6.0
96,7,7g97EfyxPG5XZgYmLig9ML,That XX,G-DRAGON,YG,2012-09-15,0.764,0.47,4,-5.642,0,0.0433,0.533,0.0,0.133,0.801,119.886,199629,7.0
97,8,3BqfHyw9cLm6POreivziWN,Missing You (Feat. Kim Yuna),G-DRAGON,YG,2012-09-15,0.742,0.792,5,-4.713,1,0.0651,0.138,0.0,0.0704,0.78,123.001,207090,8.0
98,9,0tsbMAxGvVrTTufKgcT7Q7,Today (Feat. Kim Jong Wan),G-DRAGON,YG,2012-09-15,0.749,0.846,4,-3.882,1,0.0536,0.109,0.0,0.662,0.896,126.994,219005,9.0
99,10,35SEyd2PthIFACBDincd2l,불 붙여봐라 (feat. Tablo & Dok2) CD ONLY,G-DRAGON,YG,2012-09-15,0.749,0.846,4,-3.882,1,0.0536,0.109,0.0,0.662,0.896,126.994,219005,10.0
100,11,0ZzINCbYHNFtlGGjhNqTf3,INTRO. 권지용 (Middle Fingers-Up),G-DRAGON,YG,2017-06-08,0.742,0.896,0,-3.22,1,0.136,0.143,0.0,0.139,0.695,140.012,222722,11.0
101,12,0tnGCQAvjrRkB79fDMqV9z,개소리 (BULLSHIT),G-DRAGON,YG,2017-06-08,0.756,0.821,0,-5.494,1,0.0891,0.0533,0.0,0.354,0.574,96.008,182079,12.0
102,13,1WbFTVU0fj89qGAtHYSOnJ,SUPER STAR,G-DRAGON,YG,2017-06-08,0.743,0.718,7,-4.529,1,0.049,0.0294,2.01e-06,0.045,0.364,129.959,225944,13.0
103,14,16BS342F89MDqouSxgLaUK,"무제(無題) (Untitled, 2014)",G-DRAGON,YG,2017-06-08,0.583,0.461,4,-5.153,1,0.0321,0.785,1.7e-05,0.13,0.263,79.826,222868,14.0
104,15,46D6LQo5pQtkLGa7wTdTnK,OUTRO. 신곡(神曲) (Divina Commedia),G-DRAGON,YG,2017-06-08,0.691,0.6,8,-4.336,0,0.137,0.654,0.0,0.63,0.237,131.804,224400,15.0
105,16,4zXViIlvKDAjvIG5Keff87,A Boy,G-DRAGON,YG,2009-08-18,0.825,0.863,5,-4.743,0,0.0283,0.0273,0.0,0.0764,0.844,115.008,209293,16.0
106,17,4n5GvONt7Niv5In6awXHR7,Heartbreaker,G-DRAGON,YG,2009-08-18,0.775,0.792,0,-3.746,0,0.0613,0.0995,0.0,0.1,0.45,134.959,202547,17.0
107,18,4afjJiKWON0PV4GSPe5tPV,Breathe,G-DRAGON,YG,2009-08-18,0.849,0.675,9,-4.353,0,0.0689,0.00998,0.0,0.147,0.337,128.042,207453,18.0
108,19,2rR2h6ApCN1NG8fi4pq85G,Butterfly (Feat. Jin Jung),G-DRAGON,YG,2009-08-18,0.726,0.629,7,-8.277,1,0.085,0.269,0.0,0.13,0.482,99.922,224920,19.0
109,20,3q0s1lzYmm7fYIsSluGu4c,Hello (Feat. DARA),G-DRAGON,YG,2009-08-18,0.852,0.869,7,-4.819,1,0.217,0.06,0.0,0.107,0.79,117.017,200027,20.0
110,21,2PAPZaGi99CaNivO5IHYLs,Gossip Man (Feat. Kim Gun Mo),G-DRAGON,YG,2009-08-18,0.762,0.888,8,-3.626,1,0.0452,0.105,0.0,0.104,0.501,120.068,214147,21.0
111,22,5mmzEA6NYltYrHBJVE1jqV,Korean Dream (Feat. TAEYANG),G-DRAGON,YG,2009-08-18,0.784,0.832,0,-5.081,0,0.105,0.000819,0.0,0.388,0.771,127.096,197800,22.0
112,23,3k8nvicUBXisxer57q4LWc,The Leaders (Feat. Teddy & CL),G-DRAGON,YG,2009-08-18,0.74,0.764,7,-6.032,1,0.15,0.00771,0.0,0.0859,0.476,98.084,229747,23.0
113,24,3CqXsVC0JqWYxz5YQEwE9d,She's Gone (Feat. Kush),G-DRAGON,YG,2009-08-18,0.696,0.969,5,-2.735,0,0.0902,0.0478,0.0,0.378,0.83,102.986,224547,24.0
114,25,5q56EIQGye3cS86ui2t39G,1 Year,G-DRAGON,YG,2009-08-18,0.754,0.906,1,-4.503,1,0.0879,0.111,0.0,0.0461,0.854,139.902,245213,25.0
115,26,1SYcF2fUYDYQsISyFehQYI,COUP D'ETAT,G-DRAGON,YG,2013-09-05,0.616,0.87,8,-5.814,1,0.265,0.0485,0.0,0.269,0.59,129.994,178857,26.0
116,27,62qrReIGZC8zzdmw9DXEuS,NILIRIA - Missy Elliott Version,G-DRAGON,YG,2013-09-05,0.596,0.857,2,-4.968,1,0.314,0.0726,0.0,0.937,0.519,160.081,172295,27.0
117,28,3iBJHz5krbr4zUM40zzwcJ,R.O.D.,G-DRAGON,YG,2013-09-05,0.673,0.852,8,-5.122,1,0.201,0.031,0.0,0.104,0.586,144.953,236105,28.0
118,29,44f1TNdoQUgf3PUYraCTsH,Black (Feat. JENNIE of BLACKPINK),G-DRAGON,YG,2013-09-05,0.494,0.651,4,-7.971,0,0.378,0.314,0.0,0.249,0.471,89.587,203772,29.0
119,30,4uS12OS6QeNgiCHpaqwvlR,WHO YOU?,G-DRAGON,YG,2013-09-05,0.751,0.731,1,-4.38,1,0.214,0.204,0.0,0.198,0.763,90.033,201428,30.0
120,31,3jeGRLccqBJ0CxkUVZQKxE,SHAKE THE WORLD,G-DRAGON,YG,2013-09-05,0.736,0.777,7,-5.449,1,0.213,0.00439,0.0,0.318,0.673,128.026,174700,31.0
121,32,3N9lH3C9oykSau0Q74bVsi,GO,G-DRAGON,YG,2013-09-05,0.638,0.935,6,-4.993,1,0.416,0.0165,0.0,0.0989,0.39,154.216,208407,32.0
122,33,3mb0tvqsU8IPaAYvyf55az,CROOKED,G-DRAGON,YG,2013-09-05,0.665,0.919,2,-3.211,1,0.0922,0.00191,0.0,0.0588,0.782,129.962,224793,33.0
123,34,5CRuf5AnlXoapQfwi1sxbS,NILIRIA - G-Dragon Version,G-DRAGON,YG,2013-09-05,0.6,0.862,9,-4.927,1,0.289,0.0922,0.0,0.946,0.539,160.038,172295,34.0
124,35,6wCNJoZaOLnFzXoNFlR65V,RUNAWAY,G-DRAGON,YG,2013-09-05,0.695,0.897,0,-2.604,1,0.0732,0.00667,0.0,0.324,0.706,119.97,201062,35.0
125,36,2tNdosMthOOTnH1KYdKl16,I LOVE IT,G-DRAGON,YG,2013-09-05,0.733,0.835,6,-5.437,0,0.0503,0.136,0.0,0.344,0.768,120.034,194903,36.0
126,37,7nySA2CVivNXZvjwJLe9dG,YOU DO (Outro),G-DRAGON,YG,2013-09-05,0.864,0.472,8,-8.822,1,0.418,0.0764,0.0,0.0427,0.515,133.915,157871,37.0
127,38,0hEjJX5V3PwfXUuqqMG0jn,Turn It Up,T.O.P.,YG,2010-06-21,0.822,0.673,0,-3.407,1,0.153,0.0354,1.79e-06,0.0937,0.363,176.051,212509,38.0
128,39,7bjHNkZ1roAnXhv7Fr2jxn,DOOM DADA,T.O.P.,YG,2013-11-15,0.638,0.93,7,-3.073,1,0.112,0.0338,1.46e-06,0.36,0.615,156.154,213450,39.0
129,40,6yw2SNw9MZDroL2DLmUYDm,Intro (HOT),TAEYANG,YG,2008-05-22,0.832,0.861,0,-5.476,1,0.178,0.0621,0.0,0.372,0.789,119.997,89507,40.0
130,41,0QdoA14XPxSuuoiuNDzvKJ,Prayer (Feat. Teddy),TAEYANG,YG,2008-05-22,0.646,0.772,10,-5.235,0,0.0651,0.0133,0.0,0.0804,0.565,142.934,220733,41.0
131,42,1518ZPHBb0rmVAw1xNbOzu,Only Look At Me,TAEYANG,YG,2008-05-22,0.704,0.681,2,-5.199,1,0.0333,0.258,0.0,0.333,0.888,140.07,240920,42.0
132,43,7xHgNR7BCYTCMfmUz66EbO,A Sinner,TAEYANG,YG,2008-05-22,0.773,0.581,5,-4.28,0,0.0328,0.108,0.0,0.0666,0.906,124.968,193227,43.0
133,44,4fazfkxMwEnRczzGpLZDBt,Baby I'm Sorry,TAEYANG,YG,2008-05-22,0.673,0.647,0,-5.775,1,0.0363,0.401,0.0,0.233,0.507,128.141,246040,44.0
134,45,5ug8uKCAH4HQ5owBPNSoPa,Make Love (Feat. Kush),TAEYANG,YG,2008-05-22,0.693,0.702,10,-3.625,0,0.0315,0.149,0.0,0.189,0.323,109.942,204813,45.0
135,46,0zA75hGcXgVNbzsu0a3lBR,Ringa Linga,TAEYANG,YG,2013-11-08,0.584,0.845,1,-3.029,1,0.066,0.0858,0.0,0.124,0.393,141.018,227021,46.0
136,47,3TCzay1FkjSewTeiRSQGOk,LOUDER,TAEYANG,YG,2018-01-10,0.677,0.762,0,-5.018,0,0.0415,0.00384,0.000123,0.0633,0.573,101.916,220779,47.0
137,48,1FclvbiUT3czzHM1lwWnnX,Intro - Solar,TAEYANG,YG,2010-07-01,0.556,0.329,9,-9.338,0,0.0401,0.282,1.74e-05,0.0948,0.184,131.928,57027,48.0
138,49,0alnyI664183rlCIgKh8Hf,Superstar,TAEYANG,YG,2010-07-01,0.662,0.856,0,-3.618,1,0.0423,0.157,0.0,0.0921,0.528,94.951,194587,49.0
139,50,08q3v7gSZhNhMCqKGqsD4d,Just a Feeling,TAEYANG,YG,2010-07-01,0.758,0.786,8,-3.603,1,0.0368,0.194,0.0,0.103,0.656,125.015,220960,50.0
140,51,0PEMMKw7j1tsS7U4lcTjqR,You're My,TAEYANG,YG,2010-07-01,0.546,0.192,9,-13.058,1,0.0564,0.94,0.0,0.0846,0.324,119.06,169253,51.0
141,52,2mbTfOh91FiQF4yIE9vtgB,Move (Feat. Teddy),TAEYANG,YG,2010-07-01,0.536,0.736,1,-4.772,1,0.0954,0.0851,0.0,0.264,0.55,169.94,232333,52.0
142,53,1WP99rmsetBvCbO8VC4unt,Break Down,TAEYANG,YG,2010-07-01,0.725,0.885,2,-3.468,1,0.0707,0.0465,0.0,0.0789,0.808,149.996,243653,53.0
143,54,5p8bTHJQ5TcuL84bXmWTrR,After You Sleep (Feat. Swings),TAEYANG,YG,2010-07-01,0.705,0.585,11,-4.667,1,0.0425,0.257,0.0,0.538,0.408,115.067,226267,54.0
144,55,1qbwaDM22exlyLRAmM9vKd,Where U At,TAEYANG,YG,2010-07-01,0.612,0.746,3,-3.572,1,0.0359,0.00382,0.0,0.116,0.468,150.007,229373,55.0
145,56,2NO4CA2TFvhGeg7XMz8PmT,Wedding Dress,TAEYANG,YG,2010-07-01,0.729,0.669,0,-4.73,1,0.0347,0.122,0.0,0.129,0.707,133.943,242747,56.0
146,57,1QbbAZG3LZ8xYsW04INy1c,Take It Slow,TAEYANG,YG,2010-07-01,0.713,0.626,2,-6.657,0,0.0274,0.128,0.0,0.369,0.2,111.974,260773,57.0
147,58,6J0mtwueFaEL0bmxuHEYI0,Intro (RISE),TAEYANG,YG,2014-06-03,0.624,0.828,11,-3.294,1,0.0412,0.179,0.0,0.266,0.323,92.132,105256,58.0
148,59,0lYtIvI7bO51PZSeK22Mbz,"눈,코,입 (Eyes, Nose, Lips)",TAEYANG,YG,2014-06-03,0.63,0.516,0,-5.759,1,0.0379,0.736,0.0,0.264,0.254,143.786,229990,59.0
149,60,3JmlYV4mm5jdo2ZWzATLBv,새벽한시 (1AM),TAEYANG,YG,2014-06-03,0.488,0.855,7,-3.131,1,0.0387,0.0111,0.0,0.186,0.276,173.932,191793,60.0
150,61,4Hznsw4SROqqX8T54Syguv,STAY WITH ME,TAEYANG,YG,2014-06-03,0.652,0.823,9,-3.027,0,0.0398,0.169,0.0,0.108,0.37,82.535,202702,61.0
151,62,6kSoXPg7yhpvgiXuoqRJSF,아름다워 (BODY),TAEYANG,YG,2014-06-03,0.702,0.827,2,-3.731,1,0.0427,0.00505,0.0,0.167,0.478,128.029,190674,62.0
152,63,1kewNvWljcwYKzlAKRXaUf,이게 아닌데 (This Ain't It),TAEYANG,YG,2014-06-03,0.522,0.339,4,-6.686,1,0.0274,0.404,0.0,0.141,0.16,74.918,263933,63.0
153,64,5YhaIIgjic4Q31BL1jYMk5,버리고 (Let Go),TAEYANG,YG,2014-06-03,0.637,0.684,3,-3.884,1,0.0222,0.165,0.0,0.112,0.477,99.941,220780,64.0
154,65,3wJ5tkDTIc3w5THvaggHDx,LOVE YOU TO DEATH,TAEYANG,YG,2014-06-03,0.366,0.761,1,-4.514,0,0.045,0.00826,0.0,0.0769,0.403,79.891,221626,65.0
155,66,3yq48eRG04UryOATzpwr4V,WHITE NIGHT,TAEYANG,YG,2017-08-16,0.509,0.658,0,-5.086,1,0.0954,0.048,0.0,0.393,0.511,146.676,85586,66.0
156,67,49w8umYnAfSPulksfEDx16,WAKE ME UP,TAEYANG,YG,2017-08-16,0.577,0.513,10,-5.996,1,0.0292,0.0298,0.0,0.114,0.195,78.014,199458,67.0
157,68,6oycMp1woEDrrluLY0icmV,DARLING,TAEYANG,YG,2017-08-16,0.593,0.404,7,-5.594,1,0.0318,0.465,0.0,0.171,0.427,141.939,210190,68.0
158,69,4PBr1wStrak7aWJkUKvbUl,RIDE,TAEYANG,YG,2017-08-16,0.603,0.727,7,-6.343,1,0.258,0.00598,0.0,0.0625,0.621,95.644,193501,69.0
159,70,2gILEqYZMaljxD89UKippy,AMAZIN',TAEYANG,YG,2017-08-16,0.629,0.77,1,-4.082,1,0.0441,0.00192,0.0,0.326,0.383,105.063,218829,70.0
160,71,3TFp0q9DGulf477YG2lZXI,EMPTY ROAD,TAEYANG,YG,2017-08-16,0.732,0.342,4,-7.779,1,0.0386,0.631,0.0,0.0884,0.524,84.983,209883,71.0
161,72,64f7T9vidBqVHSUqZ1a3nq,NAKED,TAEYANG,YG,2017-08-16,0.603,0.594,10,-4.443,0,0.0372,0.0426,0.0,0.0875,0.394,139.926,201656,72.0
162,73,2Ryu6OAqmEcrtnTxaPYDCP,TONIGHT,TAEYANG,YG,2017-08-16,0.527,0.93,1,-3.452,0,0.133,0.00579,1.18e-05,0.325,0.486,144.127,266724,73.0
163,74,28PWDLSbNL2PgblhO4TjAm,"Look At Me, Gwisun",DAESUNG,YG,2008-06-16,0.638,0.951,0,-0.705,1,0.0505,0.0742,0.0,0.0575,0.809,134.974,166586,74.0
164,75,4FPfy8wASMu7HSACSuH1ts,A Big Hit!,DAESUNG,YG,2009-01-29,0.754,0.945,9,0.959,0,0.126,0.382,0.0,0.0357,0.755,124.947,207041,75.0
165,76,1AndERjwgFwXPeDN9ptkWH,Cotton Candy,DAESUNG,YG,2010-01-26,0.674,0.507,3,-6.738,0,0.0304,0.835,3.4e-06,0.13,0.382,113.864,224400,76.0
166,77,3kHmlMlCMYvvaL5nDXlKak,I LOVE YOU,DAESUNG,YG,2013-07-31,0.342,0.479,3,-6.501,1,0.0304,0.533,3.63e-06,0.15,0.314,149.854,263707,77.0
167,78,0f7ej43pbwzDe5oUkkSxnG,Rainy Rainy,DAESUNG,YG,2014-06-11,0.54,0.71,4,-4.127,1,0.0253,0.465,0.0,0.121,0.331,87.996,301059,78.0
168,79,2P8E215lZYHmtCPnOMNKjt,醒めて、眠れ,DAESUNG,YG,2014-06-11,0.644,0.978,5,-2.217,1,0.0488,0.0049,0.0,0.105,0.747,134.919,210948,79.0
169,80,2X2zg7Jm36aLdhYicFxwN7,ウソボンダ (Try Smiling),DAESUNG,YG,2014-06-11,0.608,0.56,5,-5.789,1,0.0318,0.306,0.0,0.122,0.359,131.869,258631,80.0
170,81,5FHlhFQjcfrC7SYwVzicMb,SHUT UP,DAESUNG,YG,2014-07-16,0.646,0.857,3,-4.301,1,0.0365,0.0047,0.0,0.364,0.468,124.923,210800,81.0
171,82,6zqQeqiyiCIl4hbrrM8Urc,Dress,DAESUNG,YG,2014-07-16,0.445,0.797,0,-3.174,0,0.0412,0.185,0.0,0.185,0.448,169.961,308333,82.0
172,83,7FMY7QgMUJjU7JwkjzY9qa,Intro (君へ),DAESUNG,YG,2017-04-12,0.21,0.581,6,-6.191,1,0.0594,0.0371,2.22e-06,0.102,0.293,73.405,143514,83.0
173,84,2kbvbFfZqyLJT5Si6uUhML,D-Day,DAESUNG,YG,2017-04-12,0.49,0.906,1,-4.649,1,0.0367,0.0286,0.0,0.324,0.641,139.962,232096,84.0
174,85,0VKLg8aIIUCb1b7tAVyAco,VENUS,DAESUNG,YG,2017-04-12,0.565,0.972,10,-3.592,0,0.0916,0.0242,0.0,0.351,0.728,104.114,240669,85.0
175,86,6Vm0kMGHZsKRbzisIrYHLP,The sign,DAESUNG,YG,2017-04-12,0.575,0.839,11,-4.567,0,0.0453,0.186,0.0,0.128,0.481,99.967,236969,86.0
176,87,2azAp6F9Lh1Yx75yZubCEH,ハルカゼメロディ,DAESUNG,YG,2017-04-12,0.566,0.923,2,-3.276,1,0.0394,0.0816,0.0,0.319,0.793,133.012,258821,87.0
177,88,03nvB6lmH3DUICAw0isOAQ,近未来,DAESUNG,YG,2017-04-12,0.476,0.914,1,-3.649,1,0.0541,0.0154,0.0,0.39,0.765,139.977,231752,88.0
178,89,2AENjKbItDJH27zmblL8n9,Anymore,DAESUNG,YG,2017-04-12,0.346,0.678,9,-4.337,0,0.0349,0.0305,0.0,0.101,0.218,161.893,235228,89.0
